10010	JeffCo Schl Mx 1
10005	JeffCo Schl BusC
10008	JeffCo Schl BusN
8330	SagucheCo MAC
201	Otero Co SO Tac
202	RockyFord PD Tac
213	RockyFord FD Tac
221	Fowler PD Tac
223	Fowler FD Tac
224	Fowler Govt
225	Manzanola Gvt
228	RockyFord Gov 1
229	RockyFord Gov 2
230	Otero Co R&B
1100	Huerfano FPD
1101	La Veta FPD
1102	UpperHuefano FPD
302	Holly EMS
9003	Holyoke FD 1
9004	Holyoke FD 2
9002	Haxtun Fire
9005	Amherst Fire
9009	Phillips SO 2
9010	Phillips SO 3
9156	LarimerCo Travel
9157	LarimerCo Fire 1
9159	LarimerCo Parks2
9160	LarimerCo RB S
9161	LarimerCo RB W
9162	LarimerCo RB N
9164	LarimerCo ACO
9165	LarimerCo Fair
9166	LarimerCo EMS
9167	LarimerCo SAR
9168	LarimerCo 9168
9172	LarimerCo LandOf
9174	LarimerCo 9174
4058	NCWCD Admin
4059	NCWCD Disp
4060	NCWCD East
4061	NCWCD West
8680	ArchuletaCo MAC
369	Crowley Co R&B
371	Crowley Co FD 1
372	Crowley Co FD 2
373	Crowley Co FD 3
374	Crowley Co EMS 1
375	Crowley Co EMS 2
376	Ordway Loc Gov
1206	Huerfano Co MAC
8343	Jackson Co MAC
8921	GfldCo SD 16
8922	GfldCo SD 16
8975	GfldCo FD Disp
296	Lamar PD 2
2289	Green 1
2291	Green SE
9060	Morgan Co Jail
11555	LPFFD Dispatch
11558	LPFFD Tac 2
11501	Durango FD Disp
11502	Durango FD Tac 1
11503	Durango FD Ta 2
11510	UprPineFD Disp
11511	UprPineFD Tac 2
11504	FLMFD Tac 1
11505	FLMFD Tac 2
8681	Pagosa FD1
11551	Southern Ute PD 
11553	Ignacio PD
8418	LaPlata SO Disp
8688	Archuleta SO
8662	LewisA Fire TAC
8668	MntezmaCo EMS 
8747	Olathe FD Disp
8660	Mancos Marshal
8749	Montrose DPW
8748	MntroseCo Travel
2737	PPSC Sec 1
2738	PPSC Sec Tac
8305	RioGndCo MAC
8306	MonteVistaFD Tac
8309	SouthFork FD Tac
8314	SouthFork/DelNrt
8332	SaguacheCo FD 1
8333	SaguacheCo FDtac
8334	Center FD
8338	Center PD Tac
8785	Ute Mountain PD1
8786	Ute Mountain PD2
8787	Ute Mountain PDT
8788	Ute Mountain FD1
8789	Ute Mountain FD2
8790	Ute Mountain FDT
9020	Philips MAC
298	Lamar FD Tac
299	Lamar LocGov 1
300	Lamar LocGov 2
301	ProwersCo R&B
303	ProwersCo FD 2
304	ProwersCo FD 3
305	Wiley FD Disp
306	Wiley FD Tac
995	Douglas Sch Bus1
997	Douglas Sch Bus3
8172	CO Lottery NW
8173	CO Lottery SW
8174	CO MotCarSv NW
8175	CO MotCarSv SW
8176	CO Revenue NW
8177	CO Revenue SW
8178	CO Revenue WTac
3670	DoloresCo SO Dsp
3671	DoloresCo SO Tac
3673	DoloresCoFD Disp
3674	DoveCreek FD Tac
3675	DoveCreek EMS 
3676	Rico Fire Tac
4376	FremontCo MAC 2
9491	USBR Supervisors
9492	USBR Green Mtn
9493	USBR Estes Park
9494	USBR Flatiron
9495	USBR Pueblo
9496	USBR Leadville
9497	USBR Twin Lakes
9498	USBR Meredith
9499	USBR East 9499
1792	SMF 2 Dispatch
8255	ConejosCo MAC
8256	ConjosCo Fire
8257	Antonito FD
8260	Capulin FD
8261	La Jara FD
8262	Sanford FD
8263	Manassa FD
8264	ConejosCo LE Cmn
8266	Sanford PD
8267	La Jara PD
8268	Manassa PD
8269	Antonito PD
8258	S Conejos FPD
9054	Wages VFD
2746	DYS Statewide
2747	DYS PVisYSC 2747
2748	DYS PVisYSC 2748
2751	DYS GYSC 2751
2752	DYS GYSC 2752
2753	DYS LMCampus2753
2755	DYS MWFYSC 2755
2756	DYS MWFYSC 2756
2757	DYS MVCampus2757
2758	DYS MVCampus2758
2763	DYS SVYSC 2763
2764	DYS SVYSC 2763
2767	DYS ZPYSC 2767
2357	CDPHE
11600	PitkinCo MAC 1
11602	PitkinCo ES1
11603	PitkinCo ES2
220	OEM S
2732	CMHI 2732
996	Douglas Sch Bus2
3089	Cent ACO
155	CO Comm Health 1
9110	BoulderCo MAC
4364	PuebloW FD Disp
4365	PuebloW FD Tac 1
11658	Routt Co MAC
11650	Routt Co LE 1
11659	Routt Co FD 1
2996	SMF Ops 18
2997	SMF Ops 19
2744	CO CAP 2
9111	Mtn View FD 9111
9112	Mtn View FD Adm
9113	Mtn View FD 1
4294	PuebloCo FD Disp
4290	Rye Fire Disp
1538	CNF Tac 2
1539	FrmntFD Trng
4272	PuebloCo SO 1
4273	PuebloCo SO 2
8929	GfldCo Jail
4308	Pueblo EmergServ
4271	PuebloCo MAC
4310	PuebloCo MAC 1
4326	Pueblo City MAC
4274	PuebloCo SO Tac1
1103	Park Co LE Tac 1
1104	Park Co LE Tac 2
1105	Park Co Health
1106	Park Co R&B
1107	Park Co LE Disp
1108	Park Co LE Tac
1109	Park Co EmerSrvs
1110	Park Co Dist 4
1111	Park Co Dist 5
1112	Park Co Dist 6
1113	Park Co Dist 7
1114	Park Co Dist 8
1115	Park Co Dist 9
1126	Park Co School
8934	GfldCo SAR 1
8963	DOW A18 Tac
4299	West Park FD Dis
8953	CDOT HLT MAC
4086	Loveland Streets
4087	Loveland COLT Tc
4088	Banner FtColl MC
9200	Sedgwick SO Dis
8198	SaguacheCo EMS
4321	Beulah EMS
4318	PuebloSD70 Ops
4319	PuebloSD70 Tran1
4320	PuebloSD70 Tran2
9057	LgnCoExp Bus 1
1791	West Douglas FPD
2208	Castle Pines ES1
4375	FremontCo MAC 1
4322	Beulah FD Disp
4292	Rye Fire Admin
4301	Red Creek FD Dis
4303	PuebloCo Admin 1
4304	PuebloCo Admin 2
4305	PuebloCo Admin 3
4306	TTC FD Disp
1000	Douglas Sch Bus6
4940	EPCO C2 Command
4941	EPCO C3 Ops
4942	EPCO C4 Command
4943	EPCO C5 Ops
4944	EPCO C8 Brown
4945	EPCO C6 Command
4946	EPCO C7 Ops
4947	EPCO C9 Orange
4620	CSFD 1 Disp
4621	CSFD 2 Alt Disp
4622	CSFD 3
4623	CSFD 4 Command
4624	CSFD 5 Tactical
4625	CSFD 6 Command
4626	CSFD 7 Tactial
4627	CSFD 8 Command
4628	CSFD 9 Tactical
4629	CSFD 10 Command
4630	CSFD 11 Tactical
4631	CSFD 12 Staging
4632	CSFD 13
4633	CSFD Admin
4634	CSFD Training
4770	EPCO FD Red
4771	EPCO FD Silver
4772	EPCO FD Yellow
4773	Peyton FD
4774	Calhan FD
4775	Tri-County FD
4776	Edison FD
4777	Hanover FD
4778	Falcon FD
4779	Ellicott FD
4780	Cimarron Hill FD
4781	Security FD
4782	Stratmoor Hil FD
4783	Highway 115 FD
4784	Wescott FD
4786	Woodmoor FD
4787	Tri-Lakes FD
4788	Black Forrest FD
4789	Broadmoor  FD
4790	Green Mtn Fls FD
4791	Cascade FD
4792	Palmer Lake FD
4710	EPSO 1 N Disp
4711	EPSO 2 Tac 1
4712	EPSO 3 S Disp
4716	EPSO 7
4717	EPSO 8
4727	EPSO Transport
4812	Fountain PD 1
4813	Fountain PD 2
4810	Fountain FD 10
4811	Fountain FD 2
4822	Fountain FD 5
4814	Fountain Admin
4815	Fountain Elect
4816	Fountain Parks
4817	Fountain Streets
4818	Fountain Water
4834	Manitou PD 1
4835	Manitou PD 2
4830	Manitou FD Admin
4831	Manitou FD 1
4832	Manitou FD 2
4833	Crystal Park FD
4836	Manitou Electric
4837	Manitou Parks
4838	Manitou Streets
4839	Manitou Water
4875	Monument Events
4895	EPCO AMR 1
4896	EPCO AMR 2
4930	Mem Hosp Sec 1
4931	Mem Hosp Sec 2
4932	Mem Hosp Shuttle
4933	Mem Hosp Mtce
4934	Mem Hosp CM02
4935	Mem Hosp 6
4948	Mem Hosp ER
4949	Penrose Hosp ER
4950	Penrose Hosp
4952	USAFA ER
4953	Mem Hosp North
4954	StFrancis Med ER
4956	UCH PPRH 4956
4524	CS Parks/Rec 1
4525	CS Parks/Rec 2
4526	CS Parks/Rec 3
4527	CS Parks/Rec 4
4528	CS Parks/Rec 5
4529	CS Parks/Rec 6
4530	CS Parks/Rec 7
4531	CS Parks/Rec 8
4532	CS Parks/Rec 9
4533	CS Parks/Rec 10
4514	CS City Services
4543	CS Radio Techs
4553	CS Metro Bus 1
4554	CS Metro Bus 2
4555	CS Metro Bus 3
4556	CS Metro Bus 4
4557	CS Metro Bus 5
4558	CS Metro Bus 6
4572	CSPD Acadmy
4650	CSU ITS
4654	CSU Field 1
4655	CSU Field 2
4759	CS Solid Waste 1
4760	CS Solid Waste 2
4540	CS PP 1
4541	CS PP 2
4545	CS Streets 1
4546	CS Streets 2
4547	CS Streets 3
4548	CS Streets 4
4549	CS Streets 5
4752	EPCO Parks 1
4753	EPCO Facility 1
4754	EPCO Facility 2
4732	EPSO SAR
4755	EPCO Security
4500	KCOS Ops 1
4501	KCOS Airfield 1
4502	KCOS Facilities1
4503	KCOS Attendant
4504	KCOS Ops 2
4505	KCOS Airfield 2
4506	KCOS Facilities2
4507	KCOS Event 1
4508	KCOS Event 2
4509	KCOS Alert
4510	CS Engineering
4511	CS Manager 1
4512	CS Manager 2
4513	CS EMA
4911	UCCS PD 1
4912	UCCS PD 2
4913	PPSC PD 1
4853	WdlndPrk PD 1
4854	WdlndPrk PD 2
9114	Mtn View FD 2
11655	Routt Co LE 2
11667	Stmboat Schools
11665	Routt Co FD 2
8711	Chaffee Co PS
8491	WCU Rescue
8493	Gunnison EMS
8497	Gunnison FD
8501	Gunnison PD
8506	CrestedButte FD
8509	CrestedButte EMS
8511	CrestedButte LE
8521	CrestedButte Inc
8522	Gunnison Incidnt
8523	MtCrestButte PD
8725	Chaffee FD Disp
11660	Stmboat FD Tac
11651	Stmboat PD Tac
11652	Hayden PD Tac
11653	OakCrk PD Tac
11666	Routt Co SAR
11662	OakCrk FD Tac
11654	Routt Co SO Tac
11661	WRoutt FD Tac
11663	NRoutt FD Tac
11664	Yampa FD Tac
8752	Montrose FD Ops
8750	Paradox Fire
8751	Ncla/Ntrta FD
8753	Montrose Air FD
8754	Montrose Air Ops
8755	Ncla/Nrta FDTac
1230	USFS Statewide
1231	USFS NE
1232	USFS SE
8375	USFS NW
8376	USFS SW
8819	SummCo Stage Bus
8430	Mesa Co MAC
8431	GJ Police 1 Disp
8432	Mesa SO Disp
8434	GJ Police 4 Invs
8436	GJ Inc Tac 1
8437	GJ Inc Tac 2
8438	GJ Inc Tac 3
8441	GJ Fire Disp
8442	GJ Fire Tac 2
8448	Mesa SO Jail 1
8449	Mesa SO Jail 2
8451	Mesa SO Transprt
8452	Mesa SO SAR
8454	Mesa SO Cmnd Stf
8457	Mesa SO Tac/Trgn
8458	Mesa Co Roads 1
8459	Mesa Co Roads 2
4897	EPCO AMR 3
10006	JeffCo Schl BusS
8424	LaPlataCo R&B 1
9100	BoulderCo LE1
9101	BoulderCo LE2
9102	BoulderCo Jail
9103	BoulderCo Travel
12003	CDOT 5L Tac
12004	CDOT 5M Tac-2
9109	BoulderCo Techs
3125	Clear Creek MTac
519	Elbert Co FD 1
520	Elbert Co FD 2
11759	Palisade FD Tac
11760	Plateau ValleyFD
11700	RioBlancoCo MAC
8840	Eagle Co MAC
11751	Clifton FD Tac
8813	SummCo ES Disp
11755	GJ Fire Tac 1
12002	CDOT 5J Tac
12016	CDOT 2J Tac
12017	CDOT 2L Tac
11657	Routt Co Travel
9170	Estes Park EMS
9300	Estes Park FD 1
11757	MesaCo FA Tac
11762	NPS CNM LE Car
1235	VA Security SoCo
2797	NAWAS 2797
4676	CSU Barricades
4689	CSU BIRDSAL
4653	CSU C Locate
4684	CSU Collections
4652	CSU Credit
4692	CSU Crisis
4695	CSU Dispatch
4690	CSU Drake Coal
4658	CSU DRT Response
4661	CSU Electric CTT
4670	CSU ELC Dept
4687	CSU ELC Drake
4688	CSU ELC Nixon
4659	CSU Electric N
4660	CSU Electric S
4666	CSU ELC Switch
4665	CSU ELC Trouble
4662	CSU Wire North
4663	CSU Wire South
4656	CSU Field 3
4672	CSU Gas Constrct
4675	CSU Gas Control
4673	CSU Gas Corrosn
4678	CSU Gas Dept
4674	CSU Gas Develp
4677	CSU Gas Leak
4683	CSU ISD/ESD
4657	CSU Meter
4691	CSU Nixon Coal
4667	CSU Outage 1
4668	CSU Outage 2
4671	CSU Power
4682	CSU RIC
4694	CSU SP1
4669	CSU ELC Substatn
4651	CSU Telecomm
4664	CSU Tree Trim
4680	CSU W Constrct 1
4681	CSU W Constrct 2
4685	CSU W Treatment
4693	CSU Wildland Tac
4686	CSU WRD Depart
4679	CSU WRD Ops
8108	CSP Ops 4
2776	CDOT 4J Tac
2777	CDOT 4K Tac
2778	CDOT 4L Tac
2779	CDOT 4M Tac
2780	CDOT 4P Tac
154	Kaiser Security
174	UCH PPRH 174
8710	Chaffee Co MAC
8402	Durango Transit1
8403	Durango Transit2
8406	Durango ParkEnfc
8414	Durango PD 2
8426	LaPlataCo SAR 1
8427	LaPlataCo SAR 2
11556	Southern Ute TR
9522	Longmont FD 1
9523	Longmont FD 2
9524	LongmontFD Tac 1
9525	LongmontFD Tac 2
9526	LongmontFD Tac 3
9531	Longmont Power
9533	Longmont Util
11668	YampaVly Airport
9527	Longmont EOC
8518	GunnCo LE
11754	Gateway FD Tac
8842	Eagle Co LE W
8843	Eagle Co LE E
1120	LasAnimas SO
4900	CS SD11 Sec 1
4957	Academy D20 Safe
2999	CO Comm Health 2
9250	SWWshgtnCoFD
4285	PuebloCo RB 1
4573	EPSO Court Sec
11752	DeBeque FD Tac
8520	GunnCo Travel
12018	CDOT 6J Tac
12019	CDOT 6K Tac
12020	CDOT 6T Tac
8392	Keystone UC
1225	BLM East
2754	DYS LMCampus2754
2759	DYS PYSC 2759
2760	DYS PYSC 2760
2761	DYS RVYSC 2761
2762	DYS RVYSC 2762
2765	DYS SCYSC 2765
2766	DYS SCYSC 2766
2768	DYS ZPYSC 2768
8088	ARCC 3 PD
8091	ARCC 6 Incident
9302	Estes Park Event
12000	DOW A15 Tac
10201	DOW A16 Tac
9169	Poudre FA RIT
8956	FtLewis College
8691	Pagosa FD2
600	Huerfano R&B 1
601	Huerfano R&B 2
606	Huerfano FD Tac
521	Elbert Co FD 8
8712	Chaffee Co Travl
8331	Baca Grande FD T
8758	MntroseCo RB Wk2
9539	BVSD Security 1
11767	GJ Airport Fire
8891	GrandCo Ops 2
8890	GrandCo Ops 1
4276	PuebloCo SO Tac3
4280	PuebloCo JailOps
4284	PuebloCo JailMed
4286	PuebloCo RB 2
4287	Boone Fire 1
4288	Boone Fire 2
4289	Boone Fire 3
4297	PuebloCo FD Admn
4298	PuebloCo FD Trvl
4311	PuebloCo EMA 4
4312	PuebloCo EMA 5
4313	PuebloCo EMA 6
4314	PuebloCo EMA Mgr
4315	PuebloCo EMA Com
4316	PuebloCo MAC 2
4336	Pueblo PD Admin
4344	Pueblo FD Admin
4345	Pueblo FD Emerg
4346	Pueblo FD Hazmat
4348	Pueblo Techs
4351	Pueblo Engineer
4357	Pueblo Code Enfc
4359	Pueblo Bus Mtnce
4361	PuebloW Metro 1
4362	PuebloW Metro 2
4363	PuebloW Metro 3
4366	PuebloW FD Tac 2
4367	PuebloW FD Tac 3
4368	PuebloW FD Travl
4391	FremontCo R&B 1
4392	FremontCo R&B 2
4393	FremontCo R&B 3
4394	FremontCo RB MAC
69	Children's Hosp
4402	CanonCity PD LIC
4421	St.Thomas Hosp 2
4422	St.Thomas Hosp 3
4551	CS Streets 6
4552	CS Streets 7
347	Sprngfld PD 2
1212	FremontCo MAC
1536	WMFR/Watrton2
1537	WMFR 2
2308	CDOT CourtPatrol
2365	BARR LK OPS2
2435	CO Historical
2438	CDOC DRDC 2438
2445	CDOC DRDC 2445
2447	CDOC DRDC 2447
2449	DTRS Demo 5
2545	CDOC BVCC 2545
2692	CHYN MT OPS
2731	CMHI 2731
3026	GrnwdVlg City Ad
3058	BwMr/ColPD
8932	GfldCo Jail Trns
9301	Estes Park FD T1
8918	Carbndale FD Tac
9021	Sedgwick Co MAC
9058	LgnCoExp Bus 2
9104	BoulderCo FIRE 1
9107	BoulderCo OEM
9108	BoulderCo FIRE 2
11601	Aspen EMS
15000	CO Revenue Game
11750	Mesa SO Wilndtac
11753	E Orchard MesaFD
11756	Glade Park FD Ta
11758	Lower Valley FD
11803	Lake Co Travel
11604	RFTA Dispatch
11605	RFTA Suprvsrs
11607	RFTA SpecEvnt
12101	Telluride PD Dis
11608	RFTA Emergncy
1043	DouglasCo MAC1
1045	DouglasCo MAC2
4731	EPCO EMA
4536	CS Parks/Rec 13
4730	EPCO FD Marshal
4785	Woodman Vly FD
4901	CS SD11 Sec 2
11800	Lake Co MAC
11801	Lake Co LE/FD 1
11606	RFTA Travlr Serv
4515	CS Fleet Serv 1
4516	CS Fleet Serv 2
4517	CS Fleet Serv 3
4518	CS Fleet Serv 4
4519	CS Fleet Serv 5
4523	CS Animal Contrl
4534	CS Parks/Rec 11
4535	CS Parks/Rec 12
4537	CS Parks/Rec 14
4538	CS Parks/Rec 15
4539	CS Parks/Rec 16
4542	CS PP 3
4544	EPCO Radio Techs
4550	CS Traffic Eng
4559	CS Mobility 1
4563	MMRS
4564	MMRS HSP
4565	MMRS CNSLT
4566	MMRS EOC
4635	CSFD Prevention
4636	CSFD Arson
4637	CSFD Chief 1
4638	CSFD Chief 2
4723	EPSO 14
4725	EPSO CJC
4726	EPSO Metro
4728	EPSO CJC SRT
4729	EPSO CJC I/R
4756	EPCO Coroner
4757	EPCO Dist Atty 1
4758	EPCO Dist Atty 2
4821	Fountain FD 15
4880	GM FLS SP EV
4850	WdldPrk PD OIT
4851	NW Teller FD 1
4852	NW Teller FD 2
8849	Eagle Co W Fire
8850	Eagle Co E Fire
8844	Eagle Co LE 1
8855	Eagle Co EMS E
8863	Eagle River FD
8867	Vail FD
8861	Eagle PD
8862	Eagle FD
8854	Eagle Co AirptMX
8845	Eagle Co LE 2
8846	Eagle Co LE 3
8851	Eagle Co ES 1
8852	Eagle Co ES 2
8841	Eagle Co SO
8866	Vail PD
8848	Eagle Co Travel
9542	Allenspark FD 1
3996	Air Medical Net
2808	AM1-Lifeguard
2810	AM3-Med Evac
10094	RTD ARI 1
10095	RTD ARI 2
10096	RTD Security 1
10097	RTD Security Sup
10098	RTD Security T1
10100	RTD Security 2
10079	RTD LtRail 1 Ops
9541	Mtn View FD 4
10051	RTD All Call 051
10091	RTD ARCO4/Via
9463	WYCO 1
9540	Mtn View FD 3
9464	WYCO 2
9465	WYCO 3
9466	WYCO 4
10090	RTD Global Trans
10089	RTD ARCO3/Horizn
8695	ArchuletaCo R&B
8694	ArchuletaCo Arpt
8696	ArchuletaCo Sch
10073	RTD Stop Maint
3029	Glendale PW 1
8690	ArchuletaCo SAR
10076	RTD Rail Yard Op
10092	RTD Accident 1
10093	RTD Accident 2
9251	Idalia Fire
2804	CO Revenue 420
9545	BoulderCo Land
9528	Longmont Code
9529	Longmont Water 1
9530	Longmont Water 2
9532	Longmont PW
9534	Longmont Streets
9535	Longmont Trash
9536	Longmont Parks
9537	Longmont Fleet
2212	CDOC IT Techs 1
2213	CDOC IT Techs 2
2809	AM2-AirLife
2818	CoHumaneSoc
8756	MntroseCo RB
8923	HolyCross Glnwd
8924	HolyCross Aspen
8925	HolyCross Vail
8926	HolyCross Tac
8928	HolyCross All
9303	Estes Park PD 3
9556	Rocky Mtn Rescue
10058	RTD Radio Serv
10070	RTD Boulder Serv
10072	RTD Denver Serv
11802	Lake Co LE/FD 2
10078	RTD Rail MOW 1
8719	Chaffee LE Tac 1
8419	LaPlata SO C2C
8877	Eagle Co R&B
525	Elbert Co FD 9
2664	CDOC SORT 2664
11902	Eagle River Watr
11806	Lake Co Tac 3/5
8869	Vail Mtn Rescue
1216	CDOC LCF 1216
64	Lafayette FG 1
9543	Allenspark FD 2
8870	Vail DPW Ch1
8871	Vail Bus System
1540	Alpine Main
8856	Eagle Co ARFF
8865	Minturn PD
11906	Gypsum PD
10088	RTD ARCO1/MVTrns
9304	Estes Park Power
2781	StauntonOps
2782	StauntonTac
9305	Estes Park DPW 1
9306	Estes Park DPW 2
8868	Rock Creek FD
518	Elbert Co FD Adm
10085	RTD CR CRMF
10087	RTD Rail Const 1
63	Lafayette FG 2
10041	RTD Mech 10041
8964	CO SAR Tac-1
11904	Eagle Co SD Ch2
8453	Mesa SO Rural
8814	Summit Schools
8815	Summit SHS
8816	Summit Cove Elem
8817	Summit Safety
8818	Summit Bus
8911	GfldCo R&B 1
8912	GfldCo R&B West
8913	GfldCo R&B East
8914	GfldCo R&B 2
8952	CDOT EJT MAC
8820	I-70 Snow MAC
2819	CDPHE MRC Coord
2820	CDOT ITS Mtce
2811	AM4-PVH Flight
11804	Lake Co Tac 1
11805	Lake Co Tac 2
11808	Lake Co R&B
11703	RioBlancoCo SO T
11705	Meeker PD Tac
11704	Rangely Police
11707	RioBlancoCo FD
11708	Meeker FD Tac
11709	Rangely Fire Tac
11710	Meeker EMS Tac
11711	Rangley EMS Tac
11712	RioBlancoCo R&B1
11713	RioBlncoCo Travl
11716	RioBlancoCo SAR
12104	Telluride FD Dis
158	Castle Rock Hosp
231	EOtro School Bus
605	Huerfano RE2 Bus
8201	Alamosa Sch Bus
175	North Park MC
176	SpaldingAlvarado
232	EOtro School Adm
233	Cheraw Fire
603	Huerfano EMA
604	Huerfano RE1 Bus
2995	Cent DPW
8200	Alamosa Sch Admn
8202	Sangre Schools
8693	ArchuletaCo Tac1
8697	ArchuletaCo Tac2
8847	Eagle Co Sec
8853	Eagle Co ES 3
8859	Eagle Co DPW
8860	Avon Police
8864	Gypsum Fire
8873	Avon DPW
8875	AvonTransportatn
8876	Eagle Co ACO
8878	Eagle Co ES 4
8879	Eagle Co LE 4
8892	GrandCo Ops 3
8893	GrandCo Ops 4
9554	Boulder City Adm
9555	Boulder Tech Stf
11714	Meeker Schools
12026	CDOT 3J Tac
12027	CDOT 3K Tac
12028	CDOT 3M Tac
10043	RTD Scheduling
10044	RTD Requests
10047	RTD Mech 10047
10057	RTD Disp 10057
10060	RTD Supervisors
10080	RTD LtRail 2 Ops
10082	RTD Rail Supv 2
9147	PRPA Ops 1
9148	PRPA Ops 2
9149	PRPA Ops 3
8746	MntroseCo RB 2
8468	CLETA
2381	CSP Troop 1AE
2383	CSP 1A-E Tac
2401	CSP Troop 1E
2403	CSP 1E Tac
4453	S RIC Call
4454	S RIC Fire
4455	S RIC Law
4456	S RIC EMS
2389	CSP Troop 1DW
2391	CSP 1D-W Tac
2459	CSP Troop 3D
2461	CSP 3-D Tac
4325	UCH Pueblo West
2812	AM5-LifeLine
3126	Gilpin Co MAC
8958	7th Judicial
8961	DYS GMYSC 8961
8962	DYS GMYSC 8962
2822	CMHI Security
157	Ortho Co Hosp
455	CusterCo SD
602	Huerfano SO Tac
1118	LasAnimas LE3
2102	Colorado STAR
8380	DFPC Admin
8383	USFW 1
8627	HinsdaleCo RB 2
8633	HinsdaleCo SAR2
8636	Lake City FD
10068	RTD All Call 068
8723	Chaffee LE Tac 2
8729	Chaffee LE Tac 3
8716	Chaffee FD Tac 2
8721	Chaffee FD Tac 3
8727	Chaffee FD Tac 4
8713	Chaffee FD Tac 5
8714	Chaffee FD Tac 6
8724	Chaffee FD Sec 4
8717	Chaffee Co EMA
8730	Buena Vista DPW
8732	Salida DPW
8731	Chaffee Co R&B
8944	GunnCo EMA
8946	GunnCo SO 1
8947	GunnCo SO 2
10065	RTD Fallback 065
10042	RTD Disp 10042
9201	Sedgwick SO Tac
9206	Sedgwick Co FD
9205	Sedgwick EMS
11550	Southern Ute MAC
12102	Telluride PD Evt
12103	Telluride PD Tac
12105	Telluride FD St1
12106	TellurideFD St2
12107	TellurideFD St3
12108	TellurideFD St4
12109	Telluride EMS
12110	MtnVlg PD Evnt
12111	MtnVlg PD Ops
10077	RTD LR Projects
10061	RTD Events 10061
10067	RTD Fallback 067
10050	RTD Fallback 050
10056	RTD Disp 10056
10055	RTD Disp 10055
10099	RTD Security T2
10045	RTD Disp 10045
1360	SC RIC Cmd
1361	SC RIC Law
1362	SC RIC Fire 
1363	SC RIC EMS
9307	FtCollins Power1
1541	Golden FD 3
8965	CDOT 2P Tac
2310	CDOT Traffic Ctl
10052	RTD Veolia
10084	RTD CR Gold Line
2316	CDOT 4 Hwy 4 
10083	RTD CR A Line
39	EMetro Disp
4121	EMetro Ops 2
4148	EMetro Ops 3
9056	Rampart SAR
40	EMetro Ops 1
11610	PitkinCo Sheriff
10064	RTD Fallback 064
11619	PitkinCo MAC 2
11620	PitkinCo MAC 3
11609	PitkinCo LE
11622	PitkinCo Travel
9565	Longmont LEU Ops
4697	CSU Security
11615	Basalt Fire
9571	BoulderCo LE Rec
3200	Clear Creek MAC
10086	RTD Rail Mech/Co
11612	Basalt Police
2828	CDOT Bustang
505	NE C-EM
517	Elbert Co LE Tac
522	Elbert Co Roads
2994	Cent Court Sec
3096	CCSch Command 1
4073	Windsor FD 1
4074	Windsor FD 2
4431	NWFremntEMS1
4432	NWFremntEMS2
4439	Indian Sprgs FD
4440	FremontCo CMRRT
4450	10th Judicial
8285	Creede School
8369	Parks Tac
9252	S Yuma EMS
9253	YumaCo Schools
8812	SummCo Law Disp
9467	WYCO Net
10552	Southern Ute PDT
10554	Ignacio PD Tac
11907	Gypsum DPW
11909	Vail FD Station1
11910	Vail FD Station2
11911	Vail FD Station3
11912	Eagle River FD 4
11913	Eagle River FD 5
11914	Eagle River FD 6
11915	Eagle River FD 7
11916	Eagle River FD 8
11917	Eagle Fire 9
11918	Eagle ARFF 10
11919	Eagle River FD11
11920	Eagle River FD12
11921	Gypsum FD 13
11922	Gypsum FD 14
11923	Eagle River FD15
11924	Eagle River FD16
11925	Eagle Co EMS 17
11926	Eagle Co EMS 18
11927	Eagle Co EMS 19
11929	Eagle Co EMS 21
11928	Eagle Co EMS 20
11930	Eagle Co EMS 22
11931	Gypsum FD 23
11932	Eagle Co EMS 24
11833	Rock Creek FD 2
11557	BIA Fire 1
9573	BoulderCo LE3
53	Adams Co MAC
4149	EMetro Ops 4
4150	EMetro Trng 1
41	EMetro Trng 2
42	EMetro Admn
1260	USFW RMA NWR
4072	Thmpsn Val EMS
11594	PitkinCo R&B
11618	Aspen Mtn Rescue
11621	PitkinCo Fire
1228	BSFB Hawk 1
1229	BSFB Hawk 2
2312	CDOT 5K Tac
8385	USFW 2
9468	PVH Hospital 2
9574	Hygiene FD Tac2
9575	LafayettePD Tac2
10015	DU Security 1
10040	RTD Emergency
10046	RTD Disp 10046
10062	RTD Events 10062
10066	RTD Fallback 066
10069	RTD Bus Service
10075	RTD Rail MOW 2
10103	RTD Fallback 103
10063	RTD Events 10063
1261	BLM Front Range
9308	FtCollins Power2
9311	FtCollins Water1
9312	FtCollins Water2
2825	AUX COMM
1951	WeldCo Emg Ops1
11672	SRoutt Schools
8428	LaPlataCo EOC 1
8429	LaPlataCo EOC 2
8095	CAIC Ops
1	SiteOnWhelsA
2	SiteOnWhelsB
3	SiteOnWhelsC
4	SiteOnWhelsD
5	SiteOnWhelsE
6	SiteOnWhelsF
7	SiteOnWhelsG
8	SiteOnWhelsH
9	SiteOnWhelsI
10	SiteOnWhelsJ
11	SiteOnWhelsK
12	SiteOnWhelsL
13	SiteOnWhelsM
14	SiteOnWhelsN
15	SiteOnWhelsO
16	SiteOnWlsATG
8685	PagosaSpg EMS
8915	RFSD Bus
2294	Green NW
2282	Green NE
3030	Green SW
11591	PitkinCo Event 1
11592	PitkinCo Event 2
11595	PitkinCo Landfil
11596	PitkinCo OS&Trl
11597	PitkinCo Svcs911
11631	Aspen Parking
11633	Aspen Water
11635	Aspen Streets
11639	Basalt Public Wk
9310	FtCollins Util
2813	AM6-REACH Air
10016	DU Security 2
10017	DU Security 3
10018	DU Security 4
994	Douglas Sch Emer
8916	RFSD Travel
11647	Aspen School Bus
8286	MineralCo LE Tac
4639	CS Traffic Signl
4089	Loveland Trash
2330	CDOT Safety Pgrm
9309	FtCollins Power3
10081	RTD Rail Supv 1
10053	RTD IT Dept
10074	RTD Sign Maint
11614	Aspen Fire
11646	Aspen Schools
9453	UCH Longs Peak
275	Bent Co SchnBus
1514	Foothills FD Tac
2314	CDOT 5S Tac
1265	ColoNG Chan 1
9316	FtCollins Street
9578	Nederland FD
4951	Fort Carson Hosp
8408	Durango Parks/Re
8489	W Elk Mtn Rescue
8259	La Jara FD Carml
3044	Littleton PD Vol
3088	Littleton DPW
3057	Littleton SchEng
3052	Littleton SchAdm
3050	Littleton SchBus
3053	Littleton SchPrn
3051	Littleton SchSec
3056	Littleton SchTec
11507	LaPlata SO Sec
9105	BoulderCo Hazmat
9106	BoulderCo FTAC17
9579	BoulderCo FTAC11
9580	BoulderCo FTAC12
9581	BoulderCo FTAC13
9582	BoulderCo FTAC14
9583	BoulderCo FTAC15
9584	BoulderCo FTAC16
9585	BoulderCo SAR 1
4640	CS Streets 8
4824	Fountain Water
9654	UCB PD 911
9655	UCB PD CSO
9656	UCB PD Ops 1
9657	UCB PD Ops 2
9658	UCB PD Ops 3
9659	UCB PD Ops 4
9660	UCB PD Ops 5
9661	UCB Stadium FD
9662	UCB Stadium EMS
9663	UCB Stadium CMND
9664	UCB Shuttle
9665	UCB Mtn Research
4457	Pueblo CC 4457
4459	Pueblo CC 4459
6132	Teller SO 1
6133	Teller SO 2
6135	Teller Co Jail
6134	Teller SO TAC
8889	GrandCo Ops Disp
8416	LaPlataCo APO
8417	LaPlataCo PW Bld
8425	LaPlataCo R&B  2
8404	Durango Water
153	UCHealthSecurity
10111	RTD CR DUS
11616	PitkinCo FD 7
3201	Clear Creek LE 1
3127	Gilpin Law 1
3128	Gilpin Law 2
3131	Gilpin Fire1
3132	Gilpin Fire2 Tac
3139	Gilpin Travel
3142	Gilpin Fire Page
3134	Timberline FPD
3135	CentralCityFD T1
3136	CentralCityFD T2
3143	BlackHawkPD Disp
3145	BlackHawkFD OpsA
3146	BlackHawkFD OpsB
3147	BlackHawkFD OpsC
3151	BlackHawk Travel
562	LincolnCo LE 2
3203	Clear Creek FD 1
4091	Thmpsn Val EMS 1
9455	UCH Harmony
3205	Clear Creek Trvl
3208	Clear Creek SAR
3202	Clear Creek LE 2
10107	RTD CR N Line
8969	CDOT 7P Tac
9315	FtCollins Code
9452	UCH Greeley Hosp
9317	Estes Park FD T2
6131	Teller Co MAC
6136	Teller SO Ops 1
6137	Teller SO Ops 2
2815	AM8-CareFlight
10108	RTD CR MOW 1
3148	BlackHawk PW
3055	Littleton Sch MX
3140	Gilpin PW
8899	GrandCo SAR
3137	Gilpin CEM
8700	ArchuletaCo Trvl
4914	Woodmoor Safety
4902	Academy D20 MX
9314	Estes Park Trash
3150	BH/CC Tramway
10049	RTD Disp 10049
10106	RTD Security T3
10109	RTD CR Future
10110	RTD CR MOW 2
10048	RTD Disp 10048
454	CusterCO SAR
9586	BoulderCo SAR 2
8810	SummCo MAC
8811	SummCo Ops 4
12475	SummCo ES Tones
12476	SummCo SAR
12480	SummCo R&B
12483	SummCo Ops 7
12484	SummCo Ops 8
12052	CO SAR Tac 2
12053	CO SAR Tac 3
8106	CSP Troop 4CE
6138	Cripple Creek PD
6143	TellerCo EMS Dsp
161	CDPHE
6142	TellerCo FD Disp
6146	TellerCo Tac 2
6139	TellerCo Tac 5
6141	TellerCo Tac 6
12481	SummCo Ops 5
12482	SummCo Ops 6
12485	SummCo Ops 9
12490	SummCo Travel
11903	Vail DPW Ch2
9563	LouisvillePD Tac
9566	BoulderCo LTAC11
9567	BoulderCo LTAC12
9568	BoulderCo LTAC13
9569	BoulderCo LTAC14
10059	RTD Events 10059
9175	LarimerCo Parks3
9176	Timnath PW
6149	Teller Co PW
2829	CDOT Outrider
8322	RioGndCo SO Jail
11724	Rangley PD Trvl
11641	Aspen Bus
9589	BoulderCo Parks1
550	KCC Dispatch
2986	Littleton Util 2
8514	WSD RE1J Bus
8757	MntroseCo RB 4
8759	MntroseCo RB 6
8763	Olathe FD Tac
2313	CDOT 5 Projects
526	Elbert Co FD 5
527	Elbert Co FD 6
528	Elbert Co FD 7
6145	TellerCo Tac 1
3204	Clear Creek FD 2
8701	ArchuletaCo Bus
8902	GrandCo Schl Bus
2348	CSP 9B Protect
11852	Moffat Schools
8467	Delta Co Travel
11905	Eagle Co Transit
530	Elizabeth SD
10071	RTD E Metro Serv
8534	Ouray Co R&B
9470	VA Security NoCo
607	Huerfano Co SAR
8321	RioGnd Co R&B
8319	Sargent SD Buses
2334	CDOT Traffic 5
1130	Park Co SAR
9469	CDOT 5 Bridge
531	Elizabeth SD Ops
11623	Aspen Airport
1042	Douglas OEM
8904	Winter Park Bus
12402	Aspen Aprt Snow
9326	Estes Park Ops 1
9327	Estes Park Ops 2
4795	EPCO FD A4 Cmd
4797	EPCO FD A8 Cmd
4799	EPCO FD A12 Cmd
4808	EPCO SOCO Tac
4561	CS Mobility 2
4696	CSU Crew
4959	Children's CoSpg
6147	TellerCo Tac 3
6148	TellerCo Tac 4
8389	BLM UCR
8390	BLM SWD
11617	PitkinCo FD 8
9591	BVSD Security 2
1131	Park Co Travel
4796	EPCO FD A5 Tac
4798	EPCO FD A9 Tac
4801	EPCO FD B3 Cmd
8519	GunnCo EMS
11624	Pitkin Co Roads
8412	Dur/LaPl Air 1
8413	Dur/LaPl Air 2
11513	Durango Schools
9323	Estes Park FD T3
9177	LarimerCo Fire 2
456	Wet Mtn FD Tac
6150	Cripple Creek PW
4092	Thmpsn Val EMS 2
4096	Loveland PD Trn
9321	FtCollins Event
11853	Moffat Schools
2981	EnglewoodSchools
11669	Routt Co R&B 2
11718	RioBlancoCo R&B2
11583	PitkinCo SchlBus
11719	RioBlancoCo R&B3
4701	CSU Security
8634	HinsdaleCo SD 1
8635	HinsdaleCo SD 2
9587	Longmont Courts
180	UCH Pavilion
1266	ColoNG Chan 2
8967	CDOT 7J Tac
2315	CDOT 9P Tac
2749	DYS PVlyYSC 2749
2750	DYS PVlyYSC 2750
2796	NAWAS 2796
2985	Littleton Util 1
2989	Littleton Train
10054	RTD Disp 10054
10102	RTD Fallback 102
12029	CDOT 3T Tac
12478	SummCo Law Ops
4374	FremontCo School
8900	GrandCo SAR Tac1
8901	GrandCo SAR Tac2
9318	Estes Park Power
2774	CDOC Parole Tac3
8671	MntezmaCoFD TAC2
8672	MntezmaCoFD TAC3
8673	MntezmaCoFD TAC4
11643	SMV Housing
12405	PitkinCo Logs 1
9590	BoulderCo Parks2
9593	BoulderCo Drones
9588	BoulderCo 9588
2775	CDOC Parole Tac4
2332	CDOT Traffic 3
2333	CDOT Traffic 4
2317	CDOT 5M Tac-1
4877	Monument PD 2
529	Elbert Co FD 10
11701	RioBlancoCo SD
235	OC Security
3207	Clear Creek C2C
1267	ColoNG Chan 3
1268	ColoNG Chan 4
1050	DouglasCo FTAC 5
1052	DouglasCo FTAC 6
1054	DouglasCo FTAC 7
4800	EPCO FD 13 Tac
2988	Littleton Util 3
4876	Monument PW
4870	Palmer Lake PW
9180	Livermore VFD
9735	Reservoir Ops
9742	Water Dept 1
9732	Reservoir PA
4843	Fountain Buses
4641	CS Streets 9
4905	CS Radio Techs
4642	CS Streets 10
4643	CS Streets 11
4644	CS Streets 12
4645	CS Streets 13
4698	CSU Plant
4794	EPCO FD A3 Cmd
4793	EPCO FD A2 Tac
4819	Fountain Streets
4823	Fountain PD 4
9720	BFD AVD Dispatch
9721	BFD Ops 1
9722	BFD Ops 2
9723	BFD Ops 3
9724	BFD Ops 4
9726	BFD Event
9727	BFD Training 1
9730	BFD Dispatch
9743	Water Dept 2
9764	Boulder ENC 9764
10000	Boulder Techs
8770	W RIC A
8771	W RIC B
8772	W RIC C
8773	W RIC D
9737	Parks Ranger 1
9738	Parks Ranger 2
9739	City Parking 1
9740	City Parking 2
9731	Public Work 9731
9733	Public Work 9733
9734	Public Work 9734
9736	Public Work 9736
9760	Boulder ENC 9760
9761	Boulder ENC 9761
9762	Boulder ENC 9762
9763	Boulder ENC 9763
9744	Water Dept 3
9728	BFD Training 2
2830	Colorado Rangers
1269	ColoNG Chan 5
1129	Park Co Jail
8935	GfldCo SAR 2
192	HighlandsRanch 2
194	HighlandsRanch 4
197	HighlandsRanch 7
236	OC Facilities
2409	E-470 TMC
4017	MAC 18 NW Fire
4018	MAC 19 NW LE
4000	MAC 1 MET Call
4001	MAC 2 MET Fire
4002	MAC 3 MET LE
4003	MAC 4 MET EMS
4005	MAC 6 NE Fire
4006	MAC 7 NE LE
4008	MAC 9 SE Call
4009	MAC 10 SE Fire
4010	MAC 11 SE LE
4011	MAC 12 SE EMS
4012	MAC 13 SW Call
4013	MAC 14 SW Fire
4014	MAC 15 SW LE
4015	MAC 16 SW EMS
4016	MAC 17 NW Call
4019	MAC 20 NW EMS
4020	MAC 21 ST
4004	MAC 5 NE Call
168	EMS MAC
8161	ER MAC
3997	Denver Metro Net
8070	Southwest Net
8071	Northwest Net
3998	Northeast Net
3999	Southeast Net
4007	MAC 8 NE EMS
34903	Gold 1
2286	Red NE
2288	Red SW
2290	Blue SW
2293	Grey
2292	Silver
2296	Blue NW
2295	Red NW
2287	Blue NE
2297	Red SE
2298	Blue SE
8396	SW RIC A
8397	SW RIC B
8398	SW RIC C
8399	SW RIC D
2451	CSP Troop 3A
2453	CSP 3A Tac
2455	CSP Troop 3C
2457	CSP 3C Tac
2385	CSP Troop 1AW
2387	CSP 1A-W Tac
2477	CSP Troop 3B
2479	CSP 3B Tac
2522	CSP Troop 2BE
2523	CSP 2B-E Tac
2524	CSP Troop 2C
2525	CSP 2C Tac
2301	CSP Troop 1B-1C
2303	CSP 1C Tac
2305	CSP Troop 1D
2307	CSP 1D Tac
2347	CSP Troop 9B
2520	CSP Troop 2A
2521	CSP 2A Tac
2519	CSP Troop 2BW
2704	CSP 2B-W Tac
2526	CSP Troop 2D
2527	CSP 2D Tac
8100	CSP Troop 4CW
8101	CSP 4C Tac
2363	CSP HQ Denver
2397	CSP Statewide
2405	CSP Ops 1
2407	CSP Ops 2
2439	CSP MotorcyclTac
2703	CSP Ops 3
8112	CSP Troop 5B
8113	CSP 5B Tac
8102	CSP Troop 4A
2361	CSP 9B Tac
2362	CSP Troop 8A
2393	CSP Hazmat 1
2399	CSP MotorCarrier
8103	CSP 4A Tac
8104	CSP Troop 4B
8105	CSP 4B Tac
8110	CSP Troop 5A
8111	CSP 5A Tac
8114	CSP Troop 5C
8115	CSP 5C Tac
8116	CSP Ops 5
8117	CSP Hazmat 5
2696	CSP Hazmat 2
2441	CSP Trouble
8109	CSP Hazmat 4
8199	AlamosaCo SO 1
8090	ARCC 5 SLV FD
8193	AlamosaCo SO Tac
8186	Mosca FD Tac
8180	AlamosaCo MAC
8181	AlamosaCo Fire E
8182	AlamosaCo Tac E
8183	AlamosaCo Fire W
8184	AlamosaCo Tac W
8185	Alamosa FD Tac
8187	Mosca/Hooper FD
8087	Alamosa PD Disp
8189	Alamosa PD Tac 1
8192	AlamosaCo SO Det
8194	NPS GSD Rangers
8195	Alamosa PD Tac 2
8196	SLV Hazmat
3006	ArphoeCo EOC
1851	SMF Ops 11
1857	SMF Ops 12
1859	SMF Ops 13
2159	Sheridan FD
3064	Cent Airport 1
3061	Cherry Hills DPW
3017	ArphoeCo RB West
1003	DouglasCo SAR Op
1853	DouglasCo FD T1
3015	ArphoeCo Clerk
1001	DouglasCo SAR Ad
1863	DouglasCo Med 9
2163	Sheridan Schools
3046	ArphoeCo Bulding
3018	ArphoeCo Engr
3033	ArphoeCo RB East
3067	ArphoeCo RB EFlg
3016	ArphoeCo Bld Mtc
3045	ArphoeCo Clerk 2
3062	ArphoeCo ResPtrl
3063	ArphoeCo YouthSv
3071	ArphoeCo VFD E1
3072	ArphoeCo VFD E2
3074	ArphoeCo RB WFlg
3065	Cent Airport 2
3066	Cent Airport 3
1855	DouglasCo FD SA2
3035	GrnwdVlg Fleet
3036	GrnwdVlg Parks
3037	GrnwdVlg DPW SPO
3038	GrnwdVlg Enginer
3039	GrnwdVlg Buildg
3077	Englewood FD 1
3078	Englewood FD 2
3094	CCSch Security 1
3095	CCSch Emerg Ops
3031	Glendale PW 2
3054	Byers Schools
3073	Byers Fire
1786	SMF 1 AVD
1787	SMF Ops 3
1788	SMF Ops 5
1789	SMF Ops 7
1046	SMF Ops 14
1049	SMF IDT 1
1047	SMF IDT 2
1048	SMF Ops 17
3024	GrnwdVlg DPW
3047	Cent South Parks
1790	SMF Ops 9
344	Baca Co LE 1
349	Baca Co MAC
351	Sprngfld FD
353	Walsh FD/EMS
352	Campo Fire
354	Sprngfld EMS
355	Baca Co Ops 1
348	Baca Co R&B 1
362	Baca Co Ops 2
359	Pritchett FD
361	Two Buttes FPD
360	Vilas FD
350	Sprngfld Loc Gov
356	Baca Co R&B 2
357	Baca Co R&B 3
358	Baca Co Comsnr
345	Baca Co LE 2
346	Baca Co LE 3
203	Bent Co EMS
214	Las Animas FD
273	Bent Co MAC
207	Las Animas PD
208	Las Animas PD Tc
215	Las Animas FD Tc
269	Hsty/McClv FD
270	Hsty/McClv FD Tc
271	Bent Co R&B
272	Las Animas LocGv
394	Cheyne Co MAC
395	Cheyne Co LE 1
397	Cheyne Co EMS 1
398	Cheyne Co EMS 2
399	Cheyne Co FD 1
400	Cheyne Co FD 2
401	Cheyne Co Corner
402	Cheyne Co Hazmat
403	Cheyne Co PW 1
404	Cheyne Co PW 2
405	Cheyne Co Health
8089	ConejosCo LE Dis
8527	Conejos SO
8265	Conejos SO Tac
8233	Costilla SO Disp
8235	Blanca PD Tac
8234	Costilla SO Tac
8231	CostillaCo FD 1
8230	Costilla Co MAC
8232	CostillaCo FDtac
370	Crowley Co MAC
446	CusterCo EMS1
449	Wet Mtn FD
447	CusterCo FG
450	Wetmore Fire
445	CusterCo SO2
448	CusterCo EMS3
451	CusterCo FD3
452	CusterCo R&B
453	CusterCo MAC
8477	Delta PD
8479	Cedaredge PD
8484	Paonia PD
8482	Hotchkiss PD
8478	Delta FD Tac
8481	Crawford FD
8483	Hotchkiss FD
8485	Paonia FD
8480	Cedaredge FD
8470	Delta Co MAC
8476	Delta Co EMS
8486	North Fork EMS
8474	Delta Co SO Tac
8473	Delta Co SO
8475	Delta Co SAR
3672	DoloresCo MAC
1053	DouglasCo FD 1
1057	DouglasCo FD 3
1059	DouglasCo FD 5
1073	Douglas SO SA1
1075	Douglas SO SA2
2209	Castle Rock CW
1051	DouglasCo FD RIT
1063	DouglasCo FD 9
1861	DouglasCo FD 13
1061	DouglasCo FD 7
1029	DouglasCo R&B 3
1091	DouglasCo Wx
2207	Castle Rock DPW
1867	DouglasCo FD T2
1055	DouglasCo FD 2
1041	DouglasCo Water
1013	DouglasCo DEC
1005	DouglasCo MedCnt
1011	Douglas SO 1011
1017	Douglas Co Cornr
1019	DouglasCo Buildn
1021	DouglasCo R&B
1025	DouglasCo R&B 1
1027	DouglasCo R&B 2
1065	DouglasCo FD 11
1069	Douglas SO Jail
1071	Douglas SO JailT
1077	Douglas SO SA3
1081	Douglas SO 1081
1085	Douglas SO 1085
1087	Douglas SO 1087
2111	Parker R&B 1
2113	Parker R&B 2
2211	Castle Rock R&B
999	Douglas Sch Bus5
998	Douglas Sch Bus4
512	Elbert Co SO 5
513	Elbert Co SO 6
514	Elbert Co EmComm
515	Elbert Co FD 3
516	Elbert Co FD 4
8980	GfldCo MAC
8981	GfldCo ES1
8982	GfldCo ES2
8993	GfldCo FD Tac 3
8994	GfldCo FD Admin
8995	GfldCo FD Paging
8996	GfldCo FD Tac 6
8997	GfldCo FD Tac 7
8998	Carbndale FD Tac
8919	Carbndale PD Dis
8920	Carbndale PD Tac
8917	Carbndale FD Dis
8885	GrandCo MAC
8886	GrandCo Safety
8887	GrandCo EMS Tac1
8888	GrandCo EMS Tac2
8500	GunnCo MAC
8620	Hinsdale Co MAC
8621	Hinsdale SO Disp
8622	Hinsdale SO Tac
8623	HinsdaleCo Govt
1200	Huerfano SO Disp
1201	Walsenburg PD Tc
1203	Huerfano FD Disp
1205	Huerfano EMS Tac
1204	Huerfano FD FG
8344	Jackson Co SO 1
8345	Jackson Co SO 2
1431	JeffCo SO ACO
1433	JeffCo Roads1433
1435	JeffCo Roads1435
1439	JeffCo Roads1439
1451	JeffCo Rangers
1479	JeffCo Fire NE
1481	JeffCo Fire NW
1483	JeffCo Fire SE
1485	JeffCo Fire SW
1495	CNF Tac 3
1437	JeffCo Roads1437
1453	JeffCo Com Cor
1455	JeffCo Rangers
1501	Coal Creek FD
1523	JeffCo Events 1
1497	CNF Tac 4
1421	JeffCo JailMaint
1423	JeffCo SO Work
1447	JeffCo Coroner
1449	JeffCo Roads1449
1457	JeffCo Rangers
1487	JeffCo FTac NE
1489	JeffCo FTac NW
1491	JeffCo FTac SE
1493	JeffCo FTac SW
1503	JeffCo FD Admn
1505	CNF Tac 6
1507	JeffCo FD Trng
1511	CNF AVD Dispatch
1513	Foothills FD
1515	Highland EMS
1517	Genesee FD Tac
1519	RMMA Emergency
1521	RMMA Operations
1525	JeffCo Events 2
1527	JFCO Inc Mgy
1509	CNF Dispatcher
10007	JeffCo Schl BusW
10009	JeffCo Schl Snow
10011	JeffCo Schl Mx 2
318	Kiowa EMS
317	Kiowa FD
319	Kiowa MAC
320	Kiowa R&B
321	Eads Local Govt
419	Kit Carson MAC
420	Kit Carson LE 1
421	Kit Carson LE 2
422	Kit Carson EMS 1
423	Kit Carson EMS 2
424	Kit Carson FD 1
425	Kit Carson FD 2
426	Kit Carson Cornr
427	Kit Carson Hazmt
428	Kit Carson EM
429	Kit Carson PW 1
430	Kit Carson PW 2
431	Kit Carson Hlth
8400	Durango PD 1
8401	LaPlataCo MAC
8410	Durango PubWrk 1
8411	Durango PubWrk 2
4036	Loveland FD 1
4037	Loveland FD 2
4038	Loveland FD 3
4039	Loveland FD 4
4040	Loveland FD 5
4063	Poudre FA 1 Disp
4065	Poudre FA 3 Ops
4066	Poudre FA 4 Ops
4069	Poudre FA 5 EMS
100	Poudre Sch Bus N
101	Poudre Sch Bus S
4054	LarimerCo MA 1
4055	LarimerCo MA 2
4056	LarimerCo MA 3
4057	LarimerCo MA 4
4021	Berthoud FD Admn
4067	Poudre FA 6 Admn
4025	FtCollins DialRd
4026	FtCollins Transf
4027	FtCollins Trans1
4028	FtCollins Trans2
4041	Loveland FD 6
4042	Loveland FD Trng
4043	Loveland FD SEMG
4068	PVH Hospital 1
102	Poudre Sch Trans
103	Poudre Sch Grnds
104	Poudre Sch IS
105	Poudre Sch 105
106	Poudre Sch Emerg
4051	Loveland Power
4052	Loveland Power
4053	Loveland Water
4070	PVH EMS Tac 1
4071	PVH EMS Tac 2
4080	Wellington FD 1
4081	Wellington FD 2
4075	FtCollins TranAC
4062	PRPA Fire Dept
44	LasAnimas LE1
45	LasAnimas LE2
46	Trinidad PD 2
47	Trinidad FD Disp
48	Trinidad FD Tac
49	Trinidad City 2
50	Trinidad Lcl Gov
52	Trinidad R&B
51	LasAnimas LE4
1213	Trinidad EMS 1
1207	LasAnimas MAC
1208	LasAnimas FD1
1209	LasAnimas FD2
1210	LasAnimas FD3
1211	LasAnimas FD4
1214	Trinidad EMS 2
494	LincolnCo MAC
495	LincolnCo LE 1
496	LincolnCo LE Tac
497	LincolnCo SO
498	LincolnCo EMS
499	LincolnCo FD Dis
500	LincolnCo FD FG1
501	LincolnCo FD FG2
502	LincolnCo FD FG3
503	Hugo Police
504	Limon Police
506	LincolnCo PubHlh
560	LincolnCo Coronr
4231	LoganCo MAC
4221	LoganCo LE 1
4222	LoganCo LE 2
4223	LoganCo LE 3
4225	LoganCo Fire 1
4226	LoganCo Fire 2
4227	LoganCo Fire 3
4228	LoganCo Fire 4
4229	LoganCo Fire 5
4230	LoganCo EMA
4232	LoganCo EMS 1
4233	LoganCo EMS 2
8280	MineralCo MAC
8281	MineralCo FD Dis
8282	MineralCo FD Tac
8283	MineralCo LE D
8284	MineralCo LE Tac
8094	Moffat Co SO/CPD
8359	Moffat Co MAC
8355	Craig FD/EMS
8356	Moffat Co EMS Ax
8361	Craig FD Tac
8364	Artesia FD Tac
8358	Moffat Co SO Tac
8360	Moffat Co SO Det
8362	Moffat Co EMS 4
8363	Moffat Co Tac
8367	Moffat Co SO Inv
8650	MntezmaCo MAC
8651	MntezmaCo SO Dis
8652	MntezmaCo SO Tac
8653	MntezmaCo SO Det
8654	MntezmaCo SO Trn
8655	MntezmaCo SAR
8656	PlsntView FD Tac
8657	MntezmaCo Fire
8659	Cortez FD TAC
8661	Mancos Fire Tac
8663	MntezmaCo SAR K9
8664	Cortez PD Disp
8665	Cortez PD Tac
8074	Montrose PD 2
8077	MntroseCo MAC
8078	MntroseCo SO Dis
8079	MntroseCo SO Tac
8080	Montrose FD Disp
8081	Montrose FD Tac
8742	MntroseCo SO W
8743	MntroseCo SO Pos
8744	MntroseCo SO Cor
8745	MntroseCo RB 1
9028	Morgan Co SO1
9029	Morgan Co SO2
9030	Morgan Co SO3
9031	Morgan Co FD1
9033	FtMorgan Fire Op
9036	Morgan Co Tac 1
9037	Morgan Co Tac 2
9052	Morgan Co SrBus
9034	Morgan Co EMS
9035	Morgan Co Ops
9027	Morgan Co MAC
9050	Wiggins Fire Ops
9051	Hilros/Snydr Ops
9032	Brush Fire Ops
93	La Junta FD FG
94	La Junta Govt 1
95	La Junta Govt 2
97	RockyFord PD Dis
216	RockyFord FD Dis
217	Fowler PD Disp
222	Fowler EMS
226	Otero Co MAC
227	La Junta Transit
96	Otero Co SO Disp
8530	Ouray Co MAC
8531	Ouray Co SO Disp
8532	Ouray Co SO Tac
9008	Phillips SO 1
211	ProwersCo SO Dis
212	ProwersCo SO Tac
294	ProwersCo MAC
297	Lamar FD/EMS
8310	RioGndCo SO Dis 
8312	MonteVistaPD Dis
8308	Del Norte FD Tac
8313	MonteVistaPD Tac
8307	MonteVistaFD Dis
8315	SouthFork PD Tac
8316	Del Norte PD Tac
8311	RioGndCo SO Tac
8335	SaguacheCo SO
8336	SaguacheCo SO
8337	Center PD Disp
8590	SanJuanCo MAC
8591	SanJuanCo SO Dis
8592	SanJuanCo SO Tac
8593	SanJuanCo SAR
8594	SanJuanCo R&B
8595	SilvertonFD Disp
8596	Silverton EMS
8560	SanMgl MAC
8561	SanMgl SO Dis
8562	SanMgl SO Ops
8563	SanMgl SO Tac
8564	SanMgl SO Car
8565	SanMgl SO Admn
8566	SanMgl R&B A
8567	SanMgl R&B B
8568	SanMgl R&B Adm
8569	SanMgl Courts
8570	Norwood PD
8571	SanMgl SO Trng
8572	Norwood PD Ops
8573	Norwood Fire
8574	Norwood EMS
8575	SanMgl SAR 1
8576	SanMgl SAR Disp
8577	Egnar Fire
8578	SanMgl EMA
8579	SanMgl SO Jail A
8580	SanMgl SO Jail B
8581	SnMgl SO Trnsp
8582	SanMgl SO JlAdm
8583	SanMgl Corner
9049	WshgtnCoEMS
9044	WshgtnCoLaw1
9048	WshgtnCoFD
9045	WshCoFDTac1
9046	WshCoFDTac2
9047	WshCoFDTac3
9022	WshngtnCoMAC
9043	YumaCo EMS
9042	YumaCo Fire
9038	YumaCo LE 1
9039	YumaCo Tac 1
9040	YumaCo Tac 3
9041	YumaCo Tac 3
9023	YumaCo MAC
2734	CO CAP 1
8370	BLM West
1222	CO SAR Cord
2001	OEM NE
1217	OEM NC
218	OEM SC
219	OEM SE
8096	OEM NW
8097	OEM W
8098	OEM SW
8099	OEM SLV
2495	CDOT 1J
2497	CDOT 1K
2499	CDOT 1L
2500	CDOT 5 Hwy 5
2504	CDOT 5L
2309	CDOT 5J
2311	CDOT 5K
2319	CDOT 4R
2506	CDOT 5M
2515	CDOT 4L
2496	CDOT 1M
2505	CDOT 1G
2514	CDOT 4K
2512	CDOT 4M
2513	CDOT 4J
2516	CDOT 4 Hwy 4
2329	CDOT Traffic 1
2331	CDOT Traffic 2
2463	CDOT 9 Hwy 9
2473	CDOT 1K Tac
2491	CDOT 1 Hwy 1
2492	CDOT 1L Tac
2493	CDOT 1M Tac
2494	CDOT 1P Tac
2498	CDOT 1P
2501	CDOT VP MAC
2502	CDOT 2P
2503	CDOT 5P E-Tac
2507	CDOT 5P
2508	CDOT 4 East
2509	CDOT 2K Tac
2510	CDOT 2M Tac
2511	CDOT 2 Hwy 2
2517	CDOT 4T
2518	CDOT 4 West
2465	CDOT 9P
2467	CDOT 1T
2469	CDOT 5T
2471	CDOT 1J Tac
8035	CDOT 7L
8018	CDOT HLT Ops
8019	CDOT 2J
8020	CDOT 2K
8021	CDOT 2G
8022	CDOT 2L
8023	CDOT 2T
8024	CDOT 3 Hwy 3
8025	CDOT 3J
8026	CDOT 3K
8027	CDOT 3M
8028	CDOT 3T
8029	CDOT 6 Hwy 6
8030	CDOT 6J
8031	CDOT 6K
8032	CDOT 6T
8033	CDOT 7 Hwy 7
8034	CDOT 7J
8036	CDOT 7P
8037	CDOT 7T
8086	CDOT 2M
2395	CO Military Affi
9055	13th Judicial
2735	CO Labor Dept
2726	CDPHE NE
2727	CDPHE SE
173	CHD SE
169	CHD NE
170	CHD NC
171	CHD SC
172	CHD S
8166	CHD NW
8167	CHD W
8168	CHD SW
8169	CHD SL
4022	USBR East 4022
4023	USBR West
2707	DFPC Main
2708	DFPC NE
2709	DFPC SE
2710	DFPC East
8119	DFPC SW
8120	DFPC NW
8121	DFPC West
8373	State Parks
2349	DOW NE
2351	DOW Area 1
2353	DOW Area 2
2355	DOW Area 5
2356	DOW Area 14
2697	DOW Area 11
2700	DOW SE
2698	DOW Area 12
2699	DOW Area 13
2352	DOW Area 3
8122	DOW NW
8123	DOW Area 6
8124	DOW Area 7
8125	DOW Area 8
8126	DOW Area 9
8127	DOW Area 10
8128	DOW Area 15
8129	DOW Area 16
8130	DOW Area 17
8131	DOW Area 18
8132	DOW SW
8368	DOW Aqtcs W
2741	DOW Invstgtn
8374	DOW SW Tac
1223	DOW Statewide
1224	DOW Aqtcs E
2701	CO Ag Dept NE
2702	CO Ag Dept SE
8118	CO Ag Dept W
2411	CDOC DWCF 2411
2552	CDOC CCC 2552
2669	CDOC Parole SE
8016	CDOC Transport W
2672	CDOC SCF 2672
2594	CDOC FCF 2594
2529	CDOC ACC 2529
2533	CDOC SCC 2533
2429	CDOC Transport E
2666	CDOC IG 2666
2559	CDOC CCF 2559
2412	CDOC DWCF 2412
2415	CDOC DWCF 2415
2417	CDOC DWCF 2417
2419	CDOC DWCF 2419
2421	CDOC DWCF 2421
2423	CDOC DWCF 2423
2425	CDOC DWCF 2425
2427	CDOC DWCF 2427
2528	CDOC ACC 2528
2530	CDOC ACC 2530
2531	CDOC ACC 2531
2532	CDOC ACC 2532
2534	CDOC ACC 2534
2535	CDOC AVCF 2525
2536	CDOC AVCF 2536
2537	CDOC AVCF 2537
2538	CDOC AVCF 2538
2539	CDOC AVCF 2539
2540	CDOC AVCF 2540
2541	CDOC AVCF 2541
2542	CDOC BVCC 2542
2543	CDOC BVCC 2543
2544	CDOC BVCC 2544
2546	CDOC BVCC 2546
2547	CDOC BVCC 2547
2548	CDOC BVCC 2548
2549	CDOC BVCC 2549
2550	CDOC BVCC 2550
2551	CDOC CCC 2551
2555	CDOC CCC 2555
2556	CDOC CCC 2556
2557	CDOC CCC 2557
2558	CDOC CCF 2558
2560	CDOC CCF 2560
2561	CDOC CCF 2561
2562	CDOC CCF 2562
2563	CDOC CCF 2563
2564	CDOC CCF 2564
2565	CDOC CMC 2565
2566	CDOC CMC 2566
2567	CDOC CMC 2567
2568	CDOC CMC 2568
2569	CDOC CMC 2569
2570	CDOC CMC 2570
2571	CDOC CMC 2571
2572	CDOC CSP 2572
2573	CDOC CSP 2573
2574	CDOC CSP 2574
2575	CDOC CSP 2575
2576	CDOC CSP 2576
2577	CDOC CSP 2577
2578	CDOC CSP 2578
2579	CDOC CTCF 2579
2580	CDOC CTCF 2580
2581	CDOC CTCF 2581
2582	CDOC CTCF 2582
2583	CDOC CTCF 2583
2584	CDOC CTCF 2584
2585	CDOC CTCF 2585
2586	CDOC CWCF 2586
2587	CDOC CWCF 2587
2588	CDOC CWCF 2588
2589	CDOC CWCF 2589
2590	CDOC CWCF 2590
2591	CDOC CWCF 2591
2592	CDOC CWCF 2592
2593	CDOC FCF 2593
2595	CDOC FCF 2595
2596	CDOC FCF 2596
2597	CDOC FCF 2597
2598	CDOC FCF 2598
2599	CDOC FCF 2599
2607	CDOC FMCC 2607
2608	CDOC FMCC 2608
2609	CDOC FMCC 2609
2610	CDOC FMCC 2610
2611	CDOC FMCC 2611
2612	CDOC FMCC 2612
2613	CDOC FMCC 2613
2614	CDOC LCF 2614
2615	CDOC LCF 2615
2616	CDOC LCF 2616
2617	CDOC LCF 2617
2618	CDOC LCF 2618
2619	CDOC LCF 2619
2620	CDOC LCF 2620
2621	CDOC PMSC 2621
2622	CDOC PMSC 2622
2623	CDOC PMSC 2623
2624	CDOC PMSC 2624
2625	CDOC PMSC 2625
2626	CDOC PMSC 2626
2627	CDOC PMSC 2627
2628	CDOC SCC 2628
2629	CDOC SCC 2629
2630	CDOC SCC 2630
2631	CDOC SCC 2631
2632	CDOC SCC 2632
2633	CDOC SCC 2633
2634	CDOC SCC 2634
2635	CDOC SCCF 2635
2636	CDOC SCCF 2636
2637	CDOC SCCF 2637
2638	CDOC SCCF 2638
2639	CDOC SCCF 2639
2640	CDOC SCCF 2640
2641	CDOC SCCF 2641
2642	CDOC SCF 2642
2643	CDOC SCF 2643
2644	CDOC SCF 2644
2645	CDOC SCF 2645
2646	CDOC SCF 2646
2647	CDOC SCF 2647
2648	CDOC SCF 2648
2649	CDOC SCF 2649
2650	CDOC TCF 2650
2651	CDOC TCF 2651
2652	CDOC TCF 2652
2653	CDOC TCF 2653
2654	CDOC TCF 2654
2655	CDOC TCF 2655
2656	CDOC TCF 2656
2657	CDOC YOS 2657
2658	CDOC YOS 2658
2659	CDOC YOS 2659
2660	CDOC YOS 2660
2661	CDOC YOS 2661
2662	CDOC YOS 2662
2663	CDOC YOS 2663
2431	CDOC DWCF 2431
2433	CDOC DWCF 2433
2665	CDOC IG 2665
2667	CDOC Parole Dnvr
2668	CDOC Parole NE
2670	CDOC Parole Tac1
2671	CDOC Parole Tac2
2673	CDOC CSP 2673
8004	CDOC RCC 8004
8005	CDOC RCC 8005
8006	CDOC RCC 8006
8007	CDOC RCC 8007
8008	CDOC RCC 8008
8009	CDOC DCC 8009
8010	CDOC DCC 8010
8011	CDOC DCC 8011
8012	CDOC DCC 8012
8013	CDOC DCC 8013
8014	CDOC DCC 8014
8015	CDOC DCC 8015
8017	CDOC Parole West
8002	CDOC SCC 8002
8003	CDOC RCC 8003
2733	CDOC SORT 2733
2443	CDOC DRDC 2443
2686	TRND LK OPS
2359	ELDORADO OPS
2366	GLD GATE OPS
2367	GLD GATE TAC
2368	BARR LK OPS1
2372	CHATFLD OPS
2373	CHATFLD TAC
2374	RXBRGH OPS
2375	RXBRGH TAC
2376	CSTLWD OPS
2377	CSTLWD TAC
2488	LORY OPS
2680	LK PBO OPS
2684	LATHROP OPS
2379	CHRY CRK TAC
2480	ST VRAIN OPS
2481	SV/LORY TAC
2482	BONNY OPS
2483	BNY/N ST TAC
2486	JCKSN LK OPS
2487	JCKSN LK TAC
2489	N STRLNG OPS
2674	SPNNY MT OPS
2675	SPNNY MT TAC
2676	11 MI RES OP
2677	11 MI RES TC
2678	MUELLER OPS
2679	MUELLER TAC
2681	LK PBO TAC
2682	SAN LUIS OPS
2683	SAN LUIS TAC
2685	LATHROP TAC
2687	TRND LK TAC
2688	J MAR RES OP
2689	J MAR RES TC
2690	CO RIV SP OP
2691	CO RIV SP TC
4915	CHYN MT OPS
2693	CHYN MT TAC
2705	AR HWTR OPS
2706	AR HWTR TAC
3068	CHRY CRK SP1
3069	CHRY CRK SP2
3070	CHRY CRK SP3
8038	STMBT LK OPS
8039	STMBT LK TAC
8040	PEARL LK OPS
8041	PEARL LK TAC
8042	YAMPA RV OPS
8043	YAMPA RV TAC
8044	STGCH OPS
8045	STGCH TAC
8046	SYLVN LK OPS
8047	SYLVN LK TAC
8048	HRVY GAP OPS
8049	HRVY GAP TAC
8050	RIFLE FLS OP
8051	RIFLE FLS TC
8052	RIFLE GAP OP
8053	RIFLE GAP TC
8054	HILINE LK OP
8055	HILINE LK TC
8056	VEGA OPS
8057	VEGA TAC
8058	PAONIA OPS
8059	PAONIA TAC
8060	CRWFRD OPS
8061	CRWFRD TAC
8062	SWEITZER OPS
8063	SWEITZER TAC
8064	RIDGWAY OPS
8065	RIDGWAY TAC
8066	MANCOS OPS
8067	MANCOS TAC
8068	NAVAJO OPS
8069	NAVAJO TAC
2725	CO PK STWD
8371	CO Brand Insp W
2736	CO Brand Insp E
4076	Banner McKee MC
66	Avista Hospital
67	BCH - CMC ER
68	Grely Centennial
70	Denver Health
71	Littleton Hosp
72	Longmont United
73	Lutheran MedCntr
74	Med Cntr Aurora
75	Mountain Ridge
76	PlatteValleyHosp
77	Porter Hospital
78	PSL Hospital 
79	Ark Valley MC
80	Rose Med Center
81	St. Anthony West
82	St.Anthony North
83	St. Joseph Hosp
84	Swedish Med Cntr
85	UCH Aurora
86	Sky Ridge MC
87	Parker Hospital
108	BCH - Foothills
109	Cedar Sprg Hosp
110	Centennial Peaks
111	Penrose Hospital
112	St. Mary-Corwin
113	St.Thomas More 1
114	CMHI Fort Logan
115	CMHI Pueblo 1
116	CMHI Pueblo 2
117	Colorado Plains
118	Craig Hospital
119	Devereux CW
120	East Morgan Hosp
121	Estes Park Hosp
122	Haxtun Health
123	Encompass Health
124	Salida Heart
125	Keefe Hospital
126	Kindred Hosp
127	Kit Carson Hosp
128	Life Care Center
129	Lincoln Health
130	Melissa Hospital
131	Mem Hosp 131
132	San Rafael Hosp
133	National Jewish
136	Parkview MedCntr
137	Prowers MedCntr
138	MC Aurora North
139	SedgwickHospital
140	Select Hosp Den
141	Select Hosp DenS
142	SemperCare Hosp
143	Southeast Hosp
144	PSL Spalding
145	Rose Spalding
146	Spalding Aurora
147	Spanish Peaks
148	Sterling MedCntr
149	VA Security Dnvr
150	Weisbrod Hosp
151	Wray Hospital
152	Yuma Hospital
162	EMS MH
163	EMS NE
164	EMS PP
165	EMS SE
166	EMS S
167	EMS FH
4077	Greeley NCMC
8133	Winter Park MC
8134	Aspen Hospital
8135	SummitBirthPlace
8136	Breckenridge UC
8137	Community Hosp
8138	La Jara Hospital
8139	Delta Hospital
8140	Fruita Hospital
8141	Granby Hospital
8143	Gunnison Hosp
8144	Kremmling Hosp
8145	Craig Hospital
8146	Duango Mercy MC
8147	Montrose Hosp
8148	Meeker Hospital
8149	Rangely Hospital
8150	Del Norte Hosp
8151	Alamosa Hospital
8152	Cortez Hospital
8153	St. Mary's Hosp
8154	Leadville Hosp
8155	Summit Hospital
8156	VA Security GJ
8157	Vail Hospital
8158	Valley View Hosp
8159	UCH Yampa Valley
8160	EMS CM
8162	EMS NW
8163	EMS SLV
8164	EMS SW
8165	EMS W
2728	CMHI Security
2729	CMHI TAC
2730	CMHI MAINT
88	 Swedish SW ER
4079	UCH MC Rockies
4078	Lutheran Hosp
2715	CO Gaming NE
2716	CO Gaming SE
2717	CO Liquor NE
2718	CO Liquor SE
2719	CO Lottery NE
2720	CO Lottery SE
2721	CO MotCarSv NE
2722	CO MotCarSv SE
2723	CO Revenue NE
2724	CO Revenue SE
8170	CO Liquor NW
2739	CO Revenue ETac
2740	CO Revenue MTac
8171	CO Liquor SW
9026	CO Revenue 9026
2300	DTRS Demo 1
2369	DTRS Demo 2
2370	DTRS Demo 3
2371	DTRS Demo 4
1195	OIT 1195
1197	OIT 1197
2323	OIT 2323
3008	ArphoeCo Travel
2327	OIT Data Tech
2711	EPCO Travel
2712	CS Travel
2713	CSU Travel
2714	PPRCN Travel
3740	Blue NE		2
3752	Blue SW		2
3728	Blue NW		2
3696	Blue SE		2
2321	Red NE		2
2320	Red SW		2
2348	Red NW		2
2297	Red SE		2
3704	Green 1		2
2554	Gold-1		2
2324	Gold-2		2
2332	Grey		2
3030	Green NE	2
3026	Green NW	2
2391	Green SE	2
3022	Green SW	2